﻿<?xml version="1.0" encoding="utf-8"?>
<TextureAtlas imagePath="expansion1-text.png">
	<SubTexture name="switch0001" x="4" y="4" width="297" height="137" frameX="0" frameY="0" frameWidth="297" frameHeight="142"/>
	<SubTexture name="switch0002" x="4" y="4" width="297" height="137" frameX="0" frameY="0" frameWidth="297" frameHeight="142"/>
	<SubTexture name="switch0003" x="4" y="4" width="297" height="137" frameX="0" frameY="0" frameWidth="297" frameHeight="142"/>
	<SubTexture name="switch0004" x="4" y="4" width="297" height="137" frameX="0" frameY="0" frameWidth="297" frameHeight="142"/>
	<SubTexture name="idle0001" x="4" y="145" width="297" height="137" frameX="0" frameY="-5" frameWidth="297" frameHeight="142"/>
	<SubTexture name="idle0002" x="4" y="145" width="297" height="137" frameX="0" frameY="-5" frameWidth="297" frameHeight="142"/>
	<SubTexture name="idle0003" x="4" y="145" width="297" height="137" frameX="0" frameY="-5" frameWidth="297" frameHeight="142"/>
	<SubTexture name="idle0004" x="4" y="145" width="297" height="137" frameX="0" frameY="-5" frameWidth="297" frameHeight="142"/>
	<SubTexture name="idle0005" x="4" y="145" width="297" height="137" frameX="0" frameY="-5" frameWidth="297" frameHeight="142"/>
	<SubTexture name="idle0006" x="4" y="145" width="297" height="137" frameX="0" frameY="-5" frameWidth="297" frameHeight="142"/>
	<SubTexture name="idle0007" x="4" y="145" width="297" height="137" frameX="0" frameY="-5" frameWidth="297" frameHeight="142"/>
	<SubTexture name="idle0008" x="4" y="145" width="297" height="137" frameX="0" frameY="-5" frameWidth="297" frameHeight="142"/>
	<SubTexture name="idle0009" x="4" y="145" width="297" height="137" frameX="0" frameY="-5" frameWidth="297" frameHeight="142"/>
	<SubTexture name="idle0010" x="4" y="145" width="297" height="137" frameX="0" frameY="-5" frameWidth="297" frameHeight="142"/>
</TextureAtlas>
